,Driver,TeamId,GridPosition,TotalSectorTime (s),Grid_Gap_to_Pole,Quali_vs_Teammate,Race,Year,CleanAirPace_seconds,Practice_Gap_to_Fastest,Practice_vs_Quali_Rank,AirTemp,Pressure,Rain,WindSpeed,TrackTemp,Is_Monza
0,PIA,mclaren,2.0,108.40346938775508,1.0,-6.5,Baku,2024,102.749,0.23499999999999943,1.0,26.70592105263158,1017.6401315789473,False,1.5513157894736842,44.34934210526316,0
1,LEC,ferrari,1.0,108.60787755102042,0.0,-1.0,Baku,2024,103.484,0.9699999999999989,8.0,26.70592105263158,1017.6401315789473,False,1.5513157894736842,44.34934210526316,0
2,RUS,mercedes,5.0,108.97908163265305,4.0,-7.0,Baku,2024,102.514,0.0,-4.0,26.70592105263158,1017.6401315789473,False,1.5513157894736842,44.34934210526316,0
3,NOR,mclaren,15.0,108.94306122448978,14.0,6.5,Baku,2024,102.737,0.22299999999999898,-13.0,26.70592105263158,1017.6401315789473,False,1.5513157894736842,44.34934210526316,0
4,VER,red_bull,6.0,108.92920833333334,5.0,1.0,Baku,2024,102.862,0.347999999999999,-2.0,26.70592105263158,1017.6401315789473,False,1.5513157894736842,44.34934210526316,0
5,ALO,aston_martin,7.0,110.07753061224489,6.0,-3.0,Baku,2024,103.474,0.960000000000008,1.0,26.70592105263158,1017.6401315789473,False,1.5513157894736842,44.34934210526316,0
6,ALB,williams,9.0,110.07502040816328,8.0,0.5,Baku,2024,103.194,0.6800000000000068,-4.0,26.70592105263158,1017.6401315789473,False,1.5513157894736842,44.34934210526316,0
7,COL,williams,8.0,110.12742857142857,7.0,-0.5,Baku,2024,103.238,0.7240000000000038,-2.0,26.70592105263158,1017.6401315789473,False,1.5513157894736842,44.34934210526316,0
8,HAM,mercedes,19.0,110.01891836734694,18.0,7.0,Baku,2024,103.55,1.0360000000000014,-8.0,26.70592105263158,1017.6401315789473,False,1.5513157894736842,44.34934210526316,0
9,BEA,haas,10.0,110.16075510204081,9.0,-1.0,Baku,2024,104.547,2.0330000000000013,7.0,26.70592105263158,1017.6401315789473,False,1.5513157894736842,44.34934210526316,0
10,HUL,haas,12.0,110.11836734693878,11.0,1.0,Baku,2024,104.164,1.6500000000000057,3.0,26.70592105263158,1017.6401315789473,False,1.5513157894736842,44.34934210526316,0
11,GAS,alpine,18.0,110.33200000000002,17.0,-1.0,Baku,2024,103.876,1.362000000000009,-5.0,26.70592105263158,1017.6401315789473,False,1.5513157894736842,44.34934210526316,0
12,RIC,rb,14.0,109.98464583333333,13.0,1.5,Baku,2024,105.056,2.5420000000000016,5.0,26.70592105263158,1017.6401315789473,False,1.5513157894736842,44.34934210526316,0
13,ZHO,sauber,17.0,110.35585416666667,16.0,0.5,Baku,2024,104.869,2.355000000000004,1.0,26.70592105263158,1017.6401315789473,False,1.5513157894736842,44.34934210526316,0
14,OCO,alpine,20.0,110.5473125,19.0,1.0,Baku,2024,105.81,3.2960000000000065,0.0,26.70592105263158,1017.6401315789473,False,1.5513157894736842,44.34934210526316,0
15,BOT,sauber,16.0,110.97045833333334,15.0,-0.5,Baku,2024,104.187,1.6730000000000018,0.0,26.70592105263158,1017.6401315789473,False,1.5513157894736842,44.34934210526316,0
16,PER,red_bull,4.0,108.48489583333334,3.0,-1.0,Baku,2024,103.389,0.875,3.0,26.70592105263158,1017.6401315789473,False,1.5513157894736842,44.34934210526316,0
17,SAI,ferrari,3.0,108.47856250000001,2.0,1.0,Baku,2024,103.95,1.436000000000007,11.0,26.70592105263158,1017.6401315789473,False,1.5513157894736842,44.34934210526316,0
18,STR,aston_martin,13.0,110.68331818181818,12.0,3.0,Baku,2024,103.571,1.0570000000000022,-1.0,26.70592105263158,1017.6401315789473,False,1.5513157894736842,44.34934210526316,0
19,TSU,rb,11.0,115.30784615384616,10.0,-1.5,Baku,2024,103.503,0.9890000000000043,-1.0,26.70592105263158,1017.6401315789473,False,1.5513157894736842,44.34934210526316,0
20,NOR,mclaren,1.0,103.16540384615385,0.0,-0.5,Australia,2025,76.58,0.6589999999999918,9.0,15.707865168539326,1009.9016853932583,True,3.475280898876404,18.942134831460674,0
21,VER,red_bull,3.0,103.03248076923077,2.0,-7.5,Australia,2025,76.002,0.08099999999998886,0.0,15.707865168539326,1009.9016853932583,True,3.475280898876404,18.942134831460674,0
22,RUS,mercedes,4.0,103.28330769230769,3.0,-6.0,Australia,2025,75.96,0.03899999999998727,-2.0,15.707865168539326,1009.9016853932583,True,3.475280898876404,18.942134831460674,0
23,ANT,mercedes,16.0,103.86667924528302,15.0,6.0,Australia,2025,76.206,0.2849999999999966,-11.0,15.707865168539326,1009.9016853932583,True,3.475280898876404,18.942134831460674,0
24,ALB,williams,6.0,104.15309433962264,5.0,-2.0,Australia,2025,76.258,0.3369999999999891,1.0,15.707865168539326,1009.9016853932583,True,3.475280898876404,18.942134831460674,0
25,STR,aston_martin,13.0,104.07437735849055,12.0,0.5,Australia,2025,76.948,1.0269999999999868,1.0,15.707865168539326,1009.9016853932583,True,3.475280898876404,18.942134831460674,0
26,HUL,sauber,17.0,104.05184905660377,16.0,1.0,Australia,2025,77.146,1.2249999999999943,-1.0,15.707865168539326,1009.9016853932583,True,3.475280898876404,18.942134831460674,0
27,LEC,ferrari,7.0,103.46148076923076,6.0,-0.5,Australia,2025,76.188,0.2669999999999959,-3.0,15.707865168539326,1009.9016853932583,True,3.475280898876404,18.942134831460674,0
28,PIA,mclaren,2.0,101.71735294117647,1.0,0.5,Australia,2025,75.921,0.0,-1.0,15.707865168539326,1009.9016853932583,True,3.475280898876404,18.942134831460674,0
29,HAM,ferrari,8.0,103.41111538461539,7.0,0.5,Australia,2025,76.378,0.45699999999999363,0.0,15.707865168539326,1009.9016853932583,True,3.475280898876404,18.942134831460674,0
30,GAS,alpine,9.0,104.33741509433962,8.0,-2.5,Australia,2025,76.719,0.7979999999999876,3.0,15.707865168539326,1009.9016853932583,True,3.475280898876404,18.942134831460674,0
31,TSU,rb,5.0,103.57475,4.0,-3.0,Australia,2025,76.455,0.5339999999999918,4.0,15.707865168539326,1009.9016853932583,True,3.475280898876404,18.942134831460674,0
32,OCO,haas,19.0,103.04253846153846,18.0,-0.5,Australia,2025,77.373,1.4519999999999982,-1.0,15.707865168539326,1009.9016853932583,True,3.475280898876404,18.942134831460674,0
33,BEA,haas,20.0,102.99425,19.0,0.5,Australia,2025,79.312,3.390999999999991,0.0,15.707865168539326,1009.9016853932583,True,3.475280898876404,18.942134831460674,0
34,LAW,red_bull,18.0,100.60514634146341,17.0,7.5,Australia,2025,77.64,1.718999999999994,1.0,15.707865168539326,1009.9016853932583,True,3.475280898876404,18.942134831460674,0
35,BOR,sauber,15.0,101.62045,14.0,-1.0,Australia,2025,76.707,0.7859999999999872,-4.0,15.707865168539326,1009.9016853932583,True,3.475280898876404,18.942134831460674,0
36,ALO,aston_martin,12.0,97.13664285714286,11.0,-0.5,Australia,2025,77.27,1.3489999999999895,5.0,15.707865168539326,1009.9016853932583,True,3.475280898876404,18.942134831460674,0
37,SAI,williams,10.0,,9.0,2.0,Australia,2025,76.252,0.33099999999998886,-4.0,15.707865168539326,1009.9016853932583,True,3.475280898876404,18.942134831460674,0
38,DOO,alpine,14.0,,13.0,2.5,Australia,2025,76.993,1.0719999999999885,1.0,15.707865168539326,1009.9016853932583,True,3.475280898876404,18.942134831460674,0
39,HAD,rb,11.0,,10.0,3.0,Australia,2025,76.732,0.8109999999999928,2.0,15.707865168539326,1009.9016853932583,True,3.475280898876404,18.942134831460674,0
40,PIA,mclaren,1.0,97.39421818181819,0.0,-1.0,China,2025,92.153,0.6490000000000009,2.0,27.21558441558442,1010.4227272727275,False,2.188311688311688,35.81688311688312,0
41,NOR,mclaren,3.0,97.55465454545454,2.0,1.0,China,2025,91.504,0.0,-2.0,27.21558441558442,1010.4227272727275,False,2.188311688311688,35.81688311688312,0
42,RUS,mercedes,2.0,97.56074545454545,1.0,-3.0,China,2025,92.377,0.8729999999999905,3.0,27.21558441558442,1010.4227272727275,False,2.188311688311688,35.81688311688312,0
43,VER,red_bull,4.0,97.62605454545454,3.0,-8.0,China,2025,93.284,1.7800000000000011,12.0,27.21558441558442,1010.4227272727275,False,2.188311688311688,35.81688311688312,0
44,OCO,haas,11.0,98.1848,10.0,-3.0,China,2025,93.056,1.5519999999999925,2.0,27.21558441558442,1010.4227272727275,False,2.188311688311688,35.81688311688312,0
45,ANT,mercedes,8.0,98.28665454545455,7.0,3.0,China,2025,92.874,1.3699999999999903,1.0,27.21558441558442,1010.4227272727275,False,2.188311688311688,35.81688311688312,0
46,ALB,williams,10.0,98.29225454545454,9.0,-2.5,China,2025,92.687,1.1829999999999927,-3.0,27.21558441558442,1010.4227272727275,False,2.188311688311688,35.81688311688312,0
47,BEA,haas,17.0,98.33894545454547,16.0,3.0,China,2025,92.967,1.4629999999999939,-6.0,27.21558441558442,1010.4227272727275,False,2.188311688311688,35.81688311688312,0
48,STR,aston_martin,14.0,98.51970909090909,13.0,0.5,China,2025,92.984,1.4799999999999898,-2.0,27.21558441558442,1010.4227272727275,False,2.188311688311688,35.81688311688312,0
49,SAI,williams,15.0,98.62001818181818,14.0,2.5,China,2025,93.145,1.6409999999999911,0.0,27.21558441558442,1010.4227272727275,False,2.188311688311688,35.81688311688312,0
50,HAD,rb,7.0,98.7219090909091,6.0,-1.0,China,2025,93.385,1.8810000000000002,10.0,27.21558441558442,1010.4227272727275,False,2.188311688311688,35.81688311688312,0
51,LAW,red_bull,20.0,98.67718181818182,19.0,8.0,China,2025,93.631,2.1269999999999953,-2.0,27.21558441558442,1010.4227272727275,False,2.188311688311688,35.81688311688312,0
52,DOO,alpine,18.0,98.64587272727272,17.0,1.0,China,2025,93.923,2.418999999999997,2.0,27.21558441558442,1010.4227272727275,False,2.188311688311688,35.81688311688312,0
53,BOR,sauber,19.0,98.92824074074073,18.0,3.5,China,2025,93.822,2.317999999999998,0.0,27.21558441558442,1010.4227272727275,False,2.188311688311688,35.81688311688312,0
54,HUL,sauber,12.0,99.35846296296296,11.0,-3.5,China,2025,92.507,1.0030000000000001,-6.0,27.21558441558442,1010.4227272727275,False,2.188311688311688,35.81688311688312,0
55,TSU,rb,9.0,99.53483333333332,8.0,1.0,China,2025,92.934,1.4299999999999926,1.0,27.21558441558442,1010.4227272727275,False,2.188311688311688,35.81688311688312,0
56,ALO,aston_martin,13.0,113.27100000000002,12.0,-0.5,China,2025,92.766,1.2620000000000005,-5.0,27.21558441558442,1010.4227272727275,False,2.188311688311688,35.81688311688312,0
57,LEC,ferrari,6.0,97.75407272727273,5.0,0.5,China,2025,91.958,0.4539999999999935,-4.0,27.21558441558442,1010.4227272727275,False,2.188311688311688,35.81688311688312,0
58,HAM,ferrari,5.0,97.81118181818182,4.0,-0.5,China,2025,92.195,0.6909999999999883,-1.0,27.21558441558442,1010.4227272727275,False,2.188311688311688,35.81688311688312,0
59,GAS,alpine,16.0,98.47601818181819,15.0,-1.0,China,2025,93.123,1.6189999999999998,-2.0,27.21558441558442,1010.4227272727275,False,2.188311688311688,35.81688311688312,0
60,VER,red_bull,1.0,92.92803846153846,0.0,-6.5,Japan,2025,88.497,0.5319999999999965,4.0,14.429999999999998,1009.3171428571428,False,1.202142857142857,20.514285714285716,0
61,NOR,mclaren,2.0,92.93548076923076,1.0,-0.5,Japan,2025,87.965,0.0,-1.0,14.429999999999998,1009.3171428571428,False,1.202142857142857,20.514285714285716,0
62,PIA,mclaren,3.0,92.93519230769232,2.0,0.5,Japan,2025,87.991,0.02599999999999625,-1.0,14.429999999999998,1009.3171428571428,False,1.202142857142857,20.514285714285716,0
63,LEC,ferrari,4.0,93.18671153846154,3.0,-2.0,Japan,2025,88.414,0.44899999999999807,0.0,14.429999999999998,1009.3171428571428,False,1.202142857142857,20.514285714285716,0
64,RUS,mercedes,5.0,93.19923076923077,4.0,-0.5,Japan,2025,88.077,0.11199999999999477,-2.0,14.429999999999998,1009.3171428571428,False,1.202142857142857,20.514285714285716,0
65,ANT,mercedes,6.0,93.20555769230768,5.0,0.5,Japan,2025,89.126,1.1610000000000014,8.0,14.429999999999998,1009.3171428571428,False,1.202142857142857,20.514285714285716,0
66,HAM,ferrari,8.0,93.38242307692308,7.0,2.0,Japan,2025,88.524,0.5589999999999975,-1.0,14.429999999999998,1009.3171428571428,False,1.202142857142857,20.514285714285716,0
67,HAD,rb,7.0,93.54217307692306,6.0,-3.0,Japan,2025,88.518,0.5529999999999973,-1.0,14.429999999999998,1009.3171428571428,False,1.202142857142857,20.514285714285716,0
68,ALB,williams,9.0,93.58776923076923,8.0,-3.0,Japan,2025,88.554,0.5889999999999986,-1.0,14.429999999999998,1009.3171428571428,False,1.202142857142857,20.514285714285716,0
69,BEA,haas,10.0,93.85071153846152,9.0,-4.0,Japan,2025,89.654,1.688999999999993,8.0,14.429999999999998,1009.3171428571428,False,1.202142857142857,20.514285714285716,0
70,ALO,aston_martin,12.0,93.88976923076923,11.0,-4.0,Japan,2025,89.222,1.2569999999999908,3.0,14.429999999999998,1009.3171428571428,False,1.202142857142857,20.514285714285716,0
71,TSU,red_bull,14.0,93.89465384615384,13.0,6.5,Japan,2025,88.785,0.8199999999999932,-3.0,14.429999999999998,1009.3171428571428,False,1.202142857142857,20.514285714285716,0
72,GAS,alpine,11.0,93.97457692307691,10.0,-4.0,Japan,2025,88.603,0.637999999999991,-1.0,14.429999999999998,1009.3171428571428,False,1.202142857142857,20.514285714285716,0
73,SAI,williams,15.0,94.17126923076923,14.0,3.0,Japan,2025,88.832,0.8669999999999902,-3.0,14.429999999999998,1009.3171428571428,False,1.202142857142857,20.514285714285716,0
74,DOO,alpine,19.0,94.28836538461539,18.0,4.0,Japan,2025,89.767,1.8019999999999925,1.0,14.429999999999998,1009.3171428571428,False,1.202142857142857,20.514285714285716,0
75,HUL,sauber,16.0,94.3285,15.0,-0.5,Japan,2025,89.062,1.0969999999999942,-3.0,14.429999999999998,1009.3171428571428,False,1.202142857142857,20.514285714285716,0
76,LAW,rb,13.0,94.35103846153845,12.0,3.0,Japan,2025,88.559,0.5939999999999941,-4.0,14.429999999999998,1009.3171428571428,False,1.202142857142857,20.514285714285716,0
77,OCO,haas,18.0,94.33957692307692,17.0,4.0,Japan,2025,89.507,1.5420000000000016,-1.0,14.429999999999998,1009.3171428571428,False,1.202142857142857,20.514285714285716,0
78,BOR,sauber,17.0,94.3075,16.0,0.5,Japan,2025,89.335,1.3699999999999903,-1.0,14.429999999999998,1009.3171428571428,False,1.202142857142857,20.514285714285716,0
79,STR,aston_martin,20.0,94.78056862745098,19.0,4.0,Japan,2025,89.758,1.7929999999999922,-1.0,14.429999999999998,1009.3171428571428,False,1.202142857142857,20.514285714285716,0
80,PIA,mclaren,1.0,99.53949090909092,0.0,-2.5,Bahrain,2025,90.505,0.0,0.0,27.052531645569626,1008.125316455696,False,2.1056962025316457,31.870253164556964,0
81,RUS,mercedes,3.0,101.6766,2.0,-1.0,Bahrain,2025,91.032,0.527000000000001,0.0,27.052531645569626,1008.125316455696,False,2.1056962025316457,31.870253164556964,0
82,NOR,mclaren,6.0,99.97600000000001,5.0,2.5,Bahrain,2025,90.659,0.15400000000001057,-4.0,27.052531645569626,1008.125316455696,False,2.1056962025316457,31.870253164556964,0
83,LEC,ferrari,2.0,99.99476363636364,1.0,-3.5,Bahrain,2025,91.045,0.5400000000000063,2.0,27.052531645569626,1008.125316455696,False,2.1056962025316457,31.870253164556964,0
84,HAM,ferrari,9.0,100.19392727272728,8.0,3.5,Bahrain,2025,91.576,1.070999999999998,-1.0,27.052531645569626,1008.125316455696,False,2.1056962025316457,31.870253164556964,0
85,VER,red_bull,7.0,101.24916071428571,6.0,-1.5,Bahrain,2025,91.33,0.8250000000000028,0.0,27.052531645569626,1008.125316455696,False,2.1056962025316457,31.870253164556964,0
86,GAS,alpine,4.0,101.31048214285713,3.0,-3.5,Bahrain,2025,91.947,1.4420000000000073,13.0,27.052531645569626,1008.125316455696,False,2.1056962025316457,31.870253164556964,0
87,OCO,haas,14.0,101.38433928571428,13.0,-3.0,Bahrain,2025,91.87,1.365000000000009,2.0,27.052531645569626,1008.125316455696,False,2.1056962025316457,31.870253164556964,0
88,TSU,red_bull,10.0,100.51001818181818,9.0,1.5,Bahrain,2025,92.024,1.5190000000000055,8.0,27.052531645569626,1008.125316455696,False,2.1056962025316457,31.870253164556964,0
89,BEA,haas,20.0,101.43133928571429,19.0,3.0,Bahrain,2025,91.584,1.0790000000000077,-11.0,27.052531645569626,1008.125316455696,False,2.1056962025316457,31.870253164556964,0
90,ANT,mercedes,5.0,100.59807272727272,4.0,1.0,Bahrain,2025,91.227,0.7220000000000084,0.0,27.052531645569626,1008.125316455696,False,2.1056962025316457,31.870253164556964,0
91,ALB,williams,15.0,100.55489090909091,14.0,3.5,Bahrain,2025,91.696,1.1910000000000025,-4.0,27.052531645569626,1008.125316455696,False,2.1056962025316457,31.870253164556964,0
92,HAD,rb,12.0,101.56492857142857,11.0,-2.5,Bahrain,2025,91.238,0.7330000000000041,-6.0,27.052531645569626,1008.125316455696,False,2.1056962025316457,31.870253164556964,0
93,DOO,alpine,11.0,101.55480357142858,10.0,3.5,Bahrain,2025,91.788,1.2830000000000013,3.0,27.052531645569626,1008.125316455696,False,2.1056962025316457,31.870253164556964,0
94,ALO,aston_martin,13.0,100.76876363636363,12.0,-3.0,Bahrain,2025,91.825,1.3200000000000074,2.0,27.052531645569626,1008.125316455696,False,2.1056962025316457,31.870253164556964,0
95,LAW,rb,17.0,100.51434545454545,16.0,2.5,Bahrain,2025,91.706,1.2010000000000076,-5.0,27.052531645569626,1008.125316455696,False,2.1056962025316457,31.870253164556964,0
96,STR,aston_martin,19.0,100.7902909090909,18.0,3.0,Bahrain,2025,92.382,1.8770000000000095,0.0,27.052531645569626,1008.125316455696,False,2.1056962025316457,31.870253164556964,0
97,BOR,sauber,18.0,100.82001818181818,17.0,1.0,Bahrain,2025,91.772,1.2670000000000101,-5.0,27.052531645569626,1008.125316455696,False,2.1056962025316457,31.870253164556964,0
98,SAI,williams,8.0,102.3739534883721,7.0,-3.5,Bahrain,2025,91.623,1.1180000000000092,2.0,27.052531645569626,1008.125316455696,False,2.1056962025316457,31.870253164556964,0
99,HUL,sauber,16.0,101.48973214285715,15.0,-1.0,Bahrain,2025,92.496,1.9909999999999997,4.0,27.052531645569626,1008.125316455696,False,2.1056962025316457,31.870253164556964,0
100,PIA,mclaren,2.0,93.6702340425532,1.0,-4.0,Saudi Arabia,2025,87.513,0.0,-1.0,29.483802816901402,1006.7661971830985,False,1.0260563380281689,37.819718309859155,0
101,VER,red_bull,1.0,93.74319148936169,0.0,-3.5,Saudi Arabia,2025,88.334,0.820999999999998,3.0,29.483802816901402,1006.7661971830985,False,1.0260563380281689,37.819718309859155,0
102,LEC,ferrari,4.0,93.83821276595745,3.0,-1.5,Saudi Arabia,2025,88.372,0.8589999999999947,1.0,29.483802816901402,1006.7661971830985,False,1.0260563380281689,37.819718309859155,0
103,NOR,mclaren,10.0,93.83529787234043,9.0,4.0,Saudi Arabia,2025,87.671,0.15800000000000125,-8.0,29.483802816901402,1006.7661971830985,False,1.0260563380281689,37.819718309859155,0
104,RUS,mercedes,3.0,94.24734042553192,2.0,-1.0,Saudi Arabia,2025,88.116,0.6029999999999944,0.0,29.483802816901402,1006.7661971830985,False,1.0260563380281689,37.819718309859155,0
105,ANT,mercedes,5.0,94.39895744680851,4.0,1.0,Saudi Arabia,2025,88.679,1.1659999999999968,5.0,29.483802816901402,1006.7661971830985,False,1.0260563380281689,37.819718309859155,0
106,HAM,ferrari,7.0,94.48074468085105,6.0,1.5,Saudi Arabia,2025,88.78,1.266999999999996,5.0,29.483802816901402,1006.7661971830985,False,1.0260563380281689,37.819718309859155,0
107,SAI,williams,6.0,95.02121276595746,5.0,-2.5,Saudi Arabia,2025,88.57,1.056999999999988,1.0,29.483802816901402,1006.7661971830985,False,1.0260563380281689,37.819718309859155,0
108,ALB,williams,11.0,95.04657446808511,10.0,2.5,Saudi Arabia,2025,88.389,0.8759999999999906,-5.0,29.483802816901402,1006.7661971830985,False,1.0260563380281689,37.819718309859155,0
109,HAD,rb,14.0,95.04317021276596,13.0,1.0,Saudi Arabia,2025,88.769,1.2560000000000002,-3.0,29.483802816901402,1006.7661971830985,False,1.0260563380281689,37.819718309859155,0
110,ALO,aston_martin,13.0,95.24174468085107,12.0,-1.5,Saudi Arabia,2025,88.888,1.375,1.0,29.483802816901402,1006.7661971830985,False,1.0260563380281689,37.819718309859155,0
111,LAW,rb,12.0,95.06459574468084,11.0,-1.0,Saudi Arabia,2025,88.861,1.347999999999999,1.0,29.483802816901402,1006.7661971830985,False,1.0260563380281689,37.819718309859155,0
112,BEA,haas,15.0,95.2876170212766,14.0,-2.0,Saudi Arabia,2025,88.989,1.475999999999999,1.0,29.483802816901402,1006.7661971830985,False,1.0260563380281689,37.819718309859155,0
113,OCO,haas,19.0,95.68212765957446,18.0,2.0,Saudi Arabia,2025,89.336,1.8229999999999933,-1.0,29.483802816901402,1006.7661971830985,False,1.0260563380281689,37.819718309859155,0
114,HUL,sauber,18.0,95.71467391304348,17.0,-1.0,Saudi Arabia,2025,89.193,1.6799999999999926,-1.0,29.483802816901402,1006.7661971830985,False,1.0260563380281689,37.819718309859155,0
115,STR,aston_martin,16.0,95.74141304347825,15.0,1.5,Saudi Arabia,2025,89.478,1.9649999999999892,4.0,29.483802816901402,1006.7661971830985,False,1.0260563380281689,37.819718309859155,0
116,DOO,alpine,17.0,96.02215217391304,16.0,4.0,Saudi Arabia,2025,88.898,1.384999999999991,-2.0,29.483802816901402,1006.7661971830985,False,1.0260563380281689,37.819718309859155,0
117,BOR,sauber,20.0,96.00304347826088,19.0,1.0,Saudi Arabia,2025,89.41,1.8969999999999914,-1.0,29.483802816901402,1006.7661971830985,False,1.0260563380281689,37.819718309859155,0
118,TSU,red_bull,8.0,,7.0,3.5,Saudi Arabia,2025,88.67,1.1569999999999965,1.0,29.483802816901402,1006.7661971830985,False,1.0260563380281689,37.819718309859155,0
119,GAS,alpine,9.0,,8.0,-4.0,Saudi Arabia,2025,88.625,1.1119999999999948,-1.0,29.483802816901402,1006.7661971830985,False,1.0260563380281689,37.819718309859155,0
120,PIA,mclaren,4.0,93.47235714285715,3.0,1.0,Miami,2025,87.128,0.0,-3.0,26.573154362416112,1012.2959731543623,True,1.0469798657718121,38.69060402684564,0
121,NOR,mclaren,2.0,93.51678571428572,1.0,-1.0,Miami,2025,88.391,1.2630000000000052,7.0,26.573154362416112,1012.2959731543623,True,1.0469798657718121,38.69060402684564,0
122,RUS,mercedes,5.0,94.12594642857144,4.0,1.0,Miami,2025,88.058,0.9300000000000068,1.0,26.573154362416112,1012.2959731543623,True,1.0469798657718121,38.69060402684564,0
123,VER,red_bull,1.0,94.21203571428572,0.0,-4.5,Miami,2025,87.558,0.4300000000000068,2.0,26.573154362416112,1012.2959731543623,True,1.0469798657718121,38.69060402684564,0
124,ALB,williams,7.0,94.30128571428571,6.0,0.5,Miami,2025,87.955,0.8269999999999982,-2.0,26.573154362416112,1012.2959731543623,True,1.0469798657718121,38.69060402684564,0
125,ANT,mercedes,3.0,94.46855357142857,2.0,-1.0,Miami,2025,88.227,1.0990000000000038,4.0,26.573154362416112,1012.2959731543623,True,1.0469798657718121,38.69060402684564,0
126,LEC,ferrari,8.0,94.42967857142857,7.0,-2.0,Miami,2025,87.484,0.35599999999999454,-6.0,26.573154362416112,1012.2959731543623,True,1.0469798657718121,38.69060402684564,0
127,HAM,ferrari,12.0,94.451,11.0,2.0,Miami,2025,88.556,1.4279999999999973,-2.0,26.573154362416112,1012.2959731543623,True,1.0469798657718121,38.69060402684564,0
128,SAI,williams,6.0,94.50773214285712,5.0,-0.5,Miami,2025,87.678,0.5499999999999972,-2.0,26.573154362416112,1012.2959731543623,True,1.0469798657718121,38.69060402684564,0
129,TSU,red_bull,10.0,94.63953571428571,9.0,4.5,Miami,2025,89.186,2.058000000000007,7.0,26.573154362416112,1012.2959731543623,True,1.0469798657718121,38.69060402684564,0
130,HAD,rb,11.0,94.71542857142857,10.0,-2.0,Miami,2025,88.67,1.5420000000000016,1.0,26.573154362416112,1012.2959731543623,True,1.0469798657718121,38.69060402684564,0
131,OCO,haas,9.0,94.85782142857144,8.0,-5.0,Miami,2025,89.179,2.051000000000002,7.0,26.573154362416112,1012.2959731543623,True,1.0469798657718121,38.69060402684564,0
132,GAS,alpine,20.0,94.9385357142857,19.0,3.0,Miami,2025,89.084,1.956000000000003,-5.0,26.573154362416112,1012.2959731543623,True,1.0469798657718121,38.69060402684564,0
133,HUL,sauber,16.0,95.08065454545455,15.0,1.5,Miami,2025,88.573,1.4449999999999932,-5.0,26.573154362416112,1012.2959731543623,True,1.0469798657718121,38.69060402684564,0
134,ALO,aston_martin,17.0,95.41187272727274,16.0,-0.5,Miami,2025,88.243,1.1149999999999949,-9.0,26.573154362416112,1012.2959731543623,True,1.0469798657718121,38.69060402684564,0
135,STR,aston_martin,18.0,95.50936363636363,17.0,0.5,Miami,2025,89.362,2.2339999999999947,2.0,26.573154362416112,1012.2959731543623,True,1.0469798657718121,38.69060402684564,0
136,LAW,rb,15.0,98.01562857142858,14.0,2.0,Miami,2025,89.35,2.221999999999994,3.0,26.573154362416112,1012.2959731543623,True,1.0469798657718121,38.69060402684564,0
137,BOR,sauber,13.0,97.94396551724138,12.0,-1.5,Miami,2025,88.771,1.6430000000000007,0.0,26.573154362416112,1012.2959731543623,True,1.0469798657718121,38.69060402684564,0
138,BEA,haas,19.0,95.62011538461539,18.0,5.0,Miami,2025,88.996,1.867999999999995,-5.0,26.573154362416112,1012.2959731543623,True,1.0469798657718121,38.69060402684564,0
139,DOO,alpine,14.0,,13.0,-3.0,Miami,2025,89.357,2.228999999999999,5.0,26.573154362416112,1012.2959731543623,True,1.0469798657718121,38.69060402684564,0
140,VER,red_bull,2.0,87.26140322580645,1.0,-9.0,Imola,2025,75.078,0.18099999999999739,1.0,23.964666666666666,1009.8,False,3.2479999999999998,42.664,0
141,NOR,mclaren,4.0,87.31454838709678,3.0,1.5,Imola,2025,74.897,0.0,-3.0,23.964666666666666,1009.8,False,3.2479999999999998,42.664,0
142,PIA,mclaren,1.0,87.45466129032258,0.0,-1.5,Imola,2025,74.997,0.09999999999999432,1.0,23.964666666666666,1009.8,False,3.2479999999999998,42.664,0
143,HAM,ferrari,12.0,87.38022580645162,11.0,0.5,Imola,2025,75.787,0.8900000000000006,-1.0,23.964666666666666,1009.8,False,3.2479999999999998,42.664,0
144,ALB,williams,7.0,87.4796935483871,6.0,0.5,Imola,2025,75.732,0.8349999999999937,3.0,23.964666666666666,1009.8,False,3.2479999999999998,42.664,0
145,LEC,ferrari,11.0,87.50648387096774,10.0,-0.5,Imola,2025,75.451,0.5539999999999878,-6.0,23.964666666666666,1009.8,False,3.2479999999999998,42.664,0
146,RUS,mercedes,3.0,87.5849193548387,2.0,-5.0,Imola,2025,75.662,0.7650000000000006,6.0,23.964666666666666,1009.8,False,3.2479999999999998,42.664,0
147,SAI,williams,6.0,87.56716129032259,5.0,-0.5,Imola,2025,75.457,0.5599999999999881,0.0,23.964666666666666,1009.8,False,3.2479999999999998,42.664,0
148,HAD,rb,9.0,87.5441935483871,8.0,-3.0,Imola,2025,75.508,0.61099999999999,-2.0,23.964666666666666,1009.8,False,3.2479999999999998,42.664,0
149,TSU,red_bull,20.0,87.49337096774192,19.0,9.0,Imola,2025,75.827,0.9299999999999926,-7.0,23.964666666666666,1009.8,False,3.2479999999999998,42.664,0
150,ALO,aston_martin,5.0,87.64659677419355,4.0,-1.5,Imola,2025,75.819,0.921999999999997,7.0,23.964666666666666,1009.8,False,3.2479999999999998,42.664,0
151,HUL,sauber,17.0,87.60579032258065,16.0,1.5,Imola,2025,76.238,1.340999999999994,2.0,23.964666666666666,1009.8,False,3.2479999999999998,42.664,0
152,GAS,alpine,10.0,87.68366129032258,9.0,-3.0,Imola,2025,75.569,0.671999999999997,-2.0,23.964666666666666,1009.8,False,3.2479999999999998,42.664,0
153,LAW,rb,15.0,87.6575,14.0,3.0,Imola,2025,75.977,1.0799999999999983,1.0,23.964666666666666,1009.8,False,3.2479999999999998,42.664,0
154,STR,aston_martin,8.0,87.7166935483871,7.0,1.5,Imola,2025,75.975,1.0779999999999887,7.0,23.964666666666666,1009.8,False,3.2479999999999998,42.664,0
155,COL,alpine,16.0,87.64903225806452,15.0,3.0,Imola,2025,76.044,1.1469999999999914,1.0,23.964666666666666,1009.8,False,3.2479999999999998,42.664,0
156,BEA,haas,19.0,87.64445161290323,18.0,0.5,Imola,2025,75.944,1.046999999999997,-5.0,23.964666666666666,1009.8,False,3.2479999999999998,42.664,0
157,BOR,sauber,14.0,87.76379032258065,13.0,-1.5,Imola,2025,76.046,1.149000000000001,4.0,23.964666666666666,1009.8,False,3.2479999999999998,42.664,0
158,ANT,mercedes,13.0,83.72581395348837,12.0,5.0,Imola,2025,75.399,0.5019999999999953,-9.0,23.964666666666666,1009.8,False,3.2479999999999998,42.664,0
159,OCO,haas,18.0,83.30146153846154,17.0,-0.5,Imola,2025,76.387,1.4899999999999949,2.0,23.964666666666666,1009.8,False,3.2479999999999998,42.664,0
160,NOR,mclaren,1.0,77.27925974025973,0.0,-1.0,Monaco,2025,71.247,0.29399999999999693,2.0,22.209375,1016.7837499999999,False,0.9793749999999999,43.317499999999995,0
161,LEC,ferrari,2.0,77.3051038961039,1.0,-2.5,Monaco,2025,70.953,0.0,-1.0,22.209375,1016.7837499999999,False,0.9793749999999999,43.317499999999995,0
162,PIA,mclaren,3.0,77.29038961038961,2.0,1.0,Monaco,2025,71.393,0.4399999999999977,1.0,22.209375,1016.7837499999999,False,0.9793749999999999,43.317499999999995,0
163,VER,red_bull,4.0,77.49863636363636,3.0,-4.0,Monaco,2025,71.233,0.28000000000000114,-2.0,22.209375,1016.7837499999999,False,0.9793749999999999,43.317499999999995,0
164,HAM,ferrari,7.0,77.86784415584417,6.0,2.5,Monaco,2025,71.46,0.5069999999999908,-2.0,22.209375,1016.7837499999999,False,0.9793749999999999,43.317499999999995,0
165,HAD,rb,5.0,79.09681578947368,4.0,-2.0,Monaco,2025,71.842,0.8889999999999958,3.0,22.209375,1016.7837499999999,False,0.9793749999999999,43.317499999999995,0
166,OCO,haas,8.0,79.07823684210526,7.0,-6.0,Monaco,2025,72.499,1.5459999999999923,11.0,22.209375,1016.7837499999999,False,0.9793749999999999,43.317499999999995,0
167,LAW,rb,9.0,79.07981578947368,8.0,2.0,Monaco,2025,71.814,0.86099999999999,-2.0,22.209375,1016.7837499999999,False,0.9793749999999999,43.317499999999995,0
168,ALB,williams,10.0,79.38977333333332,9.0,-0.5,Monaco,2025,71.668,0.7150000000000034,-4.0,22.209375,1016.7837499999999,False,0.9793749999999999,43.317499999999995,0
169,SAI,williams,11.0,79.42216,10.0,0.5,Monaco,2025,71.893,0.9399999999999977,-1.0,22.209375,1016.7837499999999,False,0.9793749999999999,43.317499999999995,0
170,RUS,mercedes,14.0,79.64813333333333,13.0,-0.5,Monaco,2025,72.066,1.1129999999999995,-1.0,22.209375,1016.7837499999999,False,0.9793749999999999,43.317499999999995,0
171,BEA,haas,20.0,79.31472000000001,19.0,6.0,Monaco,2025,72.251,1.2980000000000018,-2.0,22.209375,1016.7837499999999,False,0.9793749999999999,43.317499999999995,0
172,COL,alpine,18.0,79.92506666666667,17.0,0.5,Monaco,2025,72.851,1.8979999999999961,2.0,22.209375,1016.7837499999999,False,0.9793749999999999,43.317499999999995,0
173,BOR,sauber,16.0,79.42270666666667,15.0,1.5,Monaco,2025,72.234,1.2809999999999917,1.0,22.209375,1016.7837499999999,False,0.9793749999999999,43.317499999999995,0
174,STR,aston_martin,19.0,80.08293333333333,18.0,6.5,Monaco,2025,72.202,1.2489999999999952,-3.0,22.209375,1016.7837499999999,False,0.9793749999999999,43.317499999999995,0
175,HUL,sauber,13.0,80.16798666666668,12.0,-1.5,Monaco,2025,72.125,1.171999999999997,1.0,22.209375,1016.7837499999999,False,0.9793749999999999,43.317499999999995,0
176,TSU,red_bull,12.0,79.93621333333333,11.0,4.0,Monaco,2025,71.952,0.9989999999999952,-1.0,22.209375,1016.7837499999999,False,0.9793749999999999,43.317499999999995,0
177,ANT,mercedes,15.0,80.37204054054054,14.0,0.5,Monaco,2025,72.002,1.0489999999999924,-3.0,22.209375,1016.7837499999999,False,0.9793749999999999,43.317499999999995,0
178,ALO,aston_martin,6.0,80.53628571428571,5.0,-6.5,Monaco,2025,71.89,0.9369999999999976,3.0,22.209375,1016.7837499999999,False,0.9793749999999999,43.317499999999995,0
179,GAS,alpine,17.0,90.89766666666667,16.0,-0.5,Monaco,2025,72.194,1.2409999999999997,-2.0,22.209375,1016.7837499999999,False,0.9793749999999999,43.317499999999995,0
180,PIA,mclaren,1.0,84.53070769230769,0.0,-0.5,Spain,2025,72.387,0.0,0.0,29.12,1002.771612903226,False,1.6329032258064518,48.54322580645161,0
181,NOR,mclaren,2.0,84.54135384615384,1.0,0.5,Spain,2025,72.913,0.5259999999999962,0.0,29.12,1002.771612903226,False,1.6329032258064518,48.54322580645161,0
182,LEC,ferrari,7.0,84.63930769230768,6.0,1.0,Spain,2025,73.13,0.742999999999995,-2.0,29.12,1002.771612903226,False,1.6329032258064518,48.54322580645161,0
183,RUS,mercedes,4.0,84.64795384615385,3.0,-1.0,Spain,2025,73.046,0.659000000000006,-1.0,29.12,1002.771612903226,False,1.6329032258064518,48.54322580645161,0
184,HUL,sauber,15.0,84.64803076923077,14.0,1.5,Spain,2025,73.592,1.2049999999999983,-3.0,29.12,1002.771612903226,False,1.6329032258064518,48.54322580645161,0
185,HAM,ferrari,5.0,84.73129230769231,4.0,-1.0,Spain,2025,73.527,1.1400000000000006,6.0,29.12,1002.771612903226,False,1.6329032258064518,48.54322580645161,0
186,HAD,rb,9.0,84.6920923076923,8.0,-2.0,Spain,2025,73.382,0.9950000000000045,-1.0,29.12,1002.771612903226,False,1.6329032258064518,48.54322580645161,0
187,GAS,alpine,8.0,84.72804615384615,7.0,-5.0,Spain,2025,73.385,0.9980000000000047,1.0,29.12,1002.771612903226,False,1.6329032258064518,48.54322580645161,0
188,ALO,aston_martin,10.0,84.77196923076923,9.0,0.0,Spain,2025,73.301,0.9140000000000015,-3.0,29.12,1002.771612903226,False,1.6329032258064518,48.54322580645161,0
189,VER,red_bull,3.0,84.70007692307692,2.0,-8.0,Spain,2025,73.07,0.6829999999999927,1.0,29.12,1002.771612903226,False,1.6329032258064518,48.54322580645161,0
190,LAW,rb,13.0,84.81467692307693,12.0,2.0,Spain,2025,73.494,1.1069999999999993,-3.0,29.12,1002.771612903226,False,1.6329032258064518,48.54322580645161,0
191,BOR,sauber,12.0,84.83093846153847,11.0,-1.5,Spain,2025,73.722,1.3349999999999937,3.0,29.12,1002.771612903226,False,1.6329032258064518,48.54322580645161,0
192,TSU,red_bull,19.0,84.80896923076924,18.0,8.0,Spain,2025,73.683,1.2960000000000065,-6.0,29.12,1002.771612903226,False,1.6329032258064518,48.54322580645161,0
193,SAI,williams,17.0,84.84423076923076,16.0,3.0,Spain,2025,73.721,1.3340000000000032,-3.0,29.12,1002.771612903226,False,1.6329032258064518,48.54322580645161,0
194,COL,alpine,18.0,84.86827692307692,17.0,5.0,Spain,2025,74.085,1.6979999999999933,0.0,29.12,1002.771612903226,False,1.6329032258064518,48.54322580645161,0
195,OCO,haas,16.0,84.8976,15.0,1.0,Spain,2025,74.005,1.617999999999995,1.0,29.12,1002.771612903226,False,1.6329032258064518,48.54322580645161,0
196,BEA,haas,14.0,84.82466153846154,13.0,-1.0,Spain,2025,74.126,1.7390000000000043,5.0,29.12,1002.771612903226,False,1.6329032258064518,48.54322580645161,0
197,ANT,mercedes,6.0,81.97213461538462,5.0,1.0,Spain,2025,73.298,0.9110000000000014,0.0,29.12,1002.771612903226,False,1.6329032258064518,48.54322580645161,0
198,ALB,williams,11.0,85.1063076923077,10.0,-3.0,Spain,2025,73.839,1.4519999999999982,5.0,29.12,1002.771612903226,False,1.6329032258064518,48.54322580645161,0
199,RUS,mercedes,1.0,78.70776811594203,0.0,-1.5,Canada,2025,72.123,0.32399999999999807,4.0,24.036526946107788,1018.9281437125752,True,1.0377245508982034,49.25329341317366,0
200,VER,red_bull,2.0,78.70097101449275,1.0,-8.0,Canada,2025,72.072,0.27299999999999613,2.0,24.036526946107788,1018.9281437125752,True,1.0377245508982034,49.25329341317366,0
201,ANT,mercedes,4.0,78.70120289855072,3.0,1.5,Canada,2025,72.348,0.5489999999999924,3.0,24.036526946107788,1018.9281437125752,True,1.0377245508982034,49.25329341317366,0
202,PIA,mclaren,3.0,78.70808695652174,2.0,-2.0,Canada,2025,72.562,0.762999999999991,7.0,24.036526946107788,1018.9281437125752,True,1.0377245508982034,49.25329341317366,0
203,LEC,ferrari,8.0,78.69275362318841,7.0,1.5,Canada,2025,71.877,0.07799999999998875,-6.0,24.036526946107788,1018.9281437125752,True,1.0377245508982034,49.25329341317366,0
204,HAM,ferrari,5.0,78.82182608695652,4.0,-1.5,Canada,2025,72.05,0.25099999999999056,-2.0,24.036526946107788,1018.9281437125752,True,1.0377245508982034,49.25329341317366,0
205,ALO,aston_martin,6.0,78.81636231884059,5.0,-5.5,Canada,2025,72.247,0.4479999999999933,0.0,24.036526946107788,1018.9281437125752,True,1.0377245508982034,49.25329341317366,0
206,HUL,sauber,11.0,78.84189855072464,10.0,-2.0,Canada,2025,72.914,1.1149999999999949,7.0,24.036526946107788,1018.9281437125752,True,1.0377245508982034,49.25329341317366,0
207,OCO,haas,14.0,79.7647794117647,13.0,0.5,Canada,2025,72.827,1.0279999999999916,2.0,24.036526946107788,1018.9281437125752,True,1.0377245508982034,49.25329341317366,0
208,SAI,williams,16.0,79.75883823529412,15.0,3.5,Canada,2025,72.519,0.7199999999999989,-7.0,24.036526946107788,1018.9281437125752,True,1.0377245508982034,49.25329341317366,0
209,BEA,haas,13.0,79.80098529411765,12.0,-0.5,Canada,2025,72.825,1.0259999999999962,2.0,24.036526946107788,1018.9281437125752,True,1.0377245508982034,49.25329341317366,0
210,TSU,red_bull,18.0,79.80602941176471,17.0,8.0,Canada,2025,72.939,1.1399999999999864,1.0,24.036526946107788,1018.9281437125752,True,1.0377245508982034,49.25329341317366,0
211,COL,alpine,10.0,79.86572058823529,9.0,-5.0,Canada,2025,73.06,1.2609999999999957,10.0,24.036526946107788,1018.9281437125752,True,1.0377245508982034,49.25329341317366,0
212,BOR,sauber,15.0,79.85182352941176,14.0,2.0,Canada,2025,72.896,1.0969999999999942,2.0,24.036526946107788,1018.9281437125752,True,1.0377245508982034,49.25329341317366,0
213,GAS,alpine,20.0,79.79869117647058,19.0,5.0,Canada,2025,72.684,0.8849999999999909,-8.0,24.036526946107788,1018.9281437125752,True,1.0377245508982034,49.25329341317366,0
214,HAD,rb,12.0,79.88473529411765,11.0,-3.5,Canada,2025,72.651,0.8519999999999897,-1.0,24.036526946107788,1018.9281437125752,True,1.0377245508982034,49.25329341317366,0
215,STR,aston_martin,17.0,79.85513235294118,16.0,5.5,Canada,2025,72.794,0.9949999999999903,-3.0,24.036526946107788,1018.9281437125752,True,1.0377245508982034,49.25329341317366,0
216,NOR,mclaren,7.0,76.18044615384615,6.0,2.0,Canada,2025,71.799,0.0,-6.0,24.036526946107788,1018.9281437125752,True,1.0377245508982034,49.25329341317366,0
217,LAW,rb,19.0,78.13411538461538,18.0,3.5,Canada,2025,72.751,0.9519999999999982,-6.0,24.036526946107788,1018.9281437125752,True,1.0377245508982034,49.25329341317366,0
218,ALB,williams,9.0,78.08082222222222,8.0,-3.5,Canada,2025,72.445,0.6459999999999866,-1.0,24.036526946107788,1018.9281437125752,True,1.0377245508982034,49.25329341317366,0
219,NOR,mclaren,1.0,71.57727536231884,0.0,-1.0,Austria,2025,64.324,0.0,0.0,30.347826086956523,943.3447204968944,False,1.6180124223602483,49.166459627329196,0
220,PIA,mclaren,3.0,71.58959420289855,2.0,1.0,Austria,2025,64.442,0.117999999999995,-1.0,30.347826086956523,943.3447204968944,False,1.6180124223602483,49.166459627329196,0
221,LEC,ferrari,2.0,71.78711594202899,1.0,-1.0,Austria,2025,64.574,0.25,2.0,30.347826086956523,943.3447204968944,False,1.6180124223602483,49.166459627329196,0
222,HAM,ferrari,4.0,71.88366666666667,3.0,1.0,Austria,2025,64.79,0.4660000000000082,1.0,30.347826086956523,943.3447204968944,False,1.6180124223602483,49.166459627329196,0
223,RUS,mercedes,5.0,72.35365217391305,4.0,-2.0,Austria,2025,65.018,0.6940000000000026,1.0,30.347826086956523,943.3447204968944,False,1.6180124223602483,49.166459627329196,0
224,LAW,rb,6.0,72.32697101449276,5.0,-3.5,Austria,2025,65.182,0.8580000000000041,4.5,30.347826086956523,943.3447204968944,False,1.6180124223602483,49.166459627329196,0
225,ALO,aston_martin,11.0,72.40004411764706,10.0,-2.5,Austria,2025,65.358,1.034000000000006,4.0,30.347826086956523,943.3447204968944,False,1.6180124223602483,49.166459627329196,0
226,BOR,sauber,8.0,72.45520588235294,7.0,-6.0,Austria,2025,65.182,0.8580000000000041,2.5,30.347826086956523,943.3447204968944,False,1.6180124223602483,49.166459627329196,0
227,HUL,sauber,20.0,72.30570588235294,19.0,6.0,Austria,2025,65.283,0.9590000000000032,-8.0,30.347826086956523,943.3447204968944,False,1.6180124223602483,49.166459627329196,0
228,OCO,haas,17.0,72.43966176470587,16.0,1.0,Austria,2025,65.519,1.1950000000000074,0.0,30.347826086956523,943.3447204968944,False,1.6180124223602483,49.166459627329196,0
229,BEA,haas,15.0,72.69283823529412,14.0,-1.0,Austria,2025,65.835,1.5109999999999957,5.0,30.347826086956523,943.3447204968944,False,1.6180124223602483,49.166459627329196,0
230,HAD,rb,13.0,72.62592647058824,12.0,3.5,Austria,2025,65.547,1.222999999999999,6.0,30.347826086956523,943.3447204968944,False,1.6180124223602483,49.166459627329196,0
231,GAS,alpine,10.0,72.94744117647059,9.0,-2.0,Austria,2025,65.366,1.0420000000000016,6.0,30.347826086956523,943.3447204968944,False,1.6180124223602483,49.166459627329196,0
232,STR,aston_martin,16.0,72.81467647058822,15.0,2.5,Austria,2025,65.022,0.6980000000000075,-9.0,30.347826086956523,943.3447204968944,False,1.6180124223602483,49.166459627329196,0
233,COL,alpine,14.0,72.90591176470589,13.0,2.0,Austria,2025,65.546,1.2220000000000084,4.0,30.347826086956523,943.3447204968944,False,1.6180124223602483,49.166459627329196,0
234,TSU,red_bull,18.0,73.37916417910448,17.0,5.5,Austria,2025,65.139,0.8149999999999977,-9.0,30.347826086956523,943.3447204968944,False,1.6180124223602483,49.166459627329196,0
235,ALB,williams,12.0,78.43221428571428,11.0,-3.5,Austria,2025,65.314,0.9899999999999949,1.0,30.347826086956523,943.3447204968944,False,1.6180124223602483,49.166459627329196,0
236,VER,red_bull,7.0,,6.0,-5.5,Austria,2025,64.534,0.21000000000000796,-4.0,30.347826086956523,943.3447204968944,False,1.6180124223602483,49.166459627329196,0
237,ANT,mercedes,9.0,,8.0,2.0,Austria,2025,65.053,0.7289999999999992,-1.0,30.347826086956523,943.3447204968944,False,1.6180124223602483,49.166459627329196,0
238,SAI,williams,19.0,,18.0,3.5,Austria,2025,65.326,1.0019999999999953,-5.0,30.347826086956523,943.3447204968944,False,1.6180124223602483,49.166459627329196,0
239,NOR,mclaren,3.0,105.49040000000001,2.0,0.5,Silverstone,2025,85.606,0.10799999999998988,1.0,17.91741935483871,988.7767741935481,True,1.4832258064516128,23.578709677419354,0
240,PIA,mclaren,2.0,105.31433333333334,1.0,-0.5,Silverstone,2025,85.566,0.06799999999999784,0.0,17.91741935483871,988.7767741935481,True,1.4832258064516128,23.578709677419354,0
241,HUL,sauber,19.0,106.41673333333334,18.0,1.5,Silverstone,2025,86.499,1.0009999999999906,-3.0,17.91741935483871,988.7767741935481,True,1.4832258064516128,23.578709677419354,0
242,HAM,ferrari,5.0,107.62265217391305,4.0,-0.5,Silverstone,2025,86.117,0.6189999999999998,2.0,17.91741935483871,988.7767741935481,True,1.4832258064516128,23.578709677419354,0
243,VER,red_bull,1.0,106.60366666666668,0.0,-5.0,Silverstone,2025,85.585,0.08699999999998909,2.0,17.91741935483871,988.7767741935481,True,1.4832258064516128,23.578709677419354,0
244,GAS,alpine,8.0,108.03241304347827,7.0,-6.0,Silverstone,2025,87.174,1.676000000000002,11.0,17.91741935483871,988.7767741935481,True,1.4832258064516128,23.578709677419354,0
245,STR,aston_martin,17.0,106.86786666666666,16.0,5.0,Silverstone,2025,86.43,0.9320000000000022,-2.0,17.91741935483871,988.7767741935481,True,1.4832258064516128,23.578709677419354,0
246,ALB,williams,13.0,108.21334782608696,12.0,2.0,Silverstone,2025,86.119,0.6209999999999951,-5.0,17.91741935483871,988.7767741935481,True,1.4832258064516128,23.578709677419354,0
247,ALO,aston_martin,7.0,108.22323913043479,6.0,-5.0,Silverstone,2025,86.876,1.3780000000000001,11.0,17.91741935483871,988.7767741935481,True,1.4832258064516128,23.578709677419354,0
248,RUS,mercedes,4.0,107.8588043478261,3.0,-3.0,Silverstone,2025,86.125,0.6269999999999953,5.0,17.91741935483871,988.7767741935481,True,1.4832258064516128,23.578709677419354,0
249,BEA,haas,18.0,108.01086956521739,17.0,2.0,Silverstone,2025,86.112,0.6139999999999901,-12.0,17.91741935483871,988.7767741935481,True,1.4832258064516128,23.578709677419354,0
250,SAI,williams,9.0,108.51008695652173,8.0,-2.0,Silverstone,2025,86.332,0.833999999999989,3.0,17.91741935483871,988.7767741935481,True,1.4832258064516128,23.578709677419354,0
251,OCO,haas,14.0,108.17308695652174,13.0,-2.0,Silverstone,2025,86.377,0.8789999999999907,-1.0,17.91741935483871,988.7767741935481,True,1.4832258064516128,23.578709677419354,0
252,LEC,ferrari,6.0,108.30591304347826,5.0,0.5,Silverstone,2025,85.498,0.0,-5.0,17.91741935483871,988.7767741935481,True,1.4832258064516128,23.578709677419354,0
253,TSU,red_bull,11.0,109.99364444444444,10.0,5.0,Silverstone,2025,86.104,0.6059999999999945,-6.0,17.91741935483871,988.7767741935481,True,1.4832258064516128,23.578709677419354,0
254,ANT,mercedes,10.0,120.621,9.0,3.0,Silverstone,2025,86.383,0.8849999999999909,4.0,17.91741935483871,988.7767741935481,True,1.4832258064516128,23.578709677419354,0
255,HAD,rb,12.0,121.23592857142856,11.0,-1.5,Silverstone,2025,86.129,0.6310000000000002,-2.0,17.91741935483871,988.7767741935481,True,1.4832258064516128,23.578709677419354,0
256,BOR,sauber,16.0,136.9505,15.0,-1.5,Silverstone,2025,86.501,1.0030000000000001,1.0,17.91741935483871,988.7767741935481,True,1.4832258064516128,23.578709677419354,0
257,LAW,rb,15.0,,14.0,1.5,Silverstone,2025,86.256,0.7579999999999956,-4.0,17.91741935483871,988.7767741935481,True,1.4832258064516128,23.578709677419354,0
258,COL,alpine,20.0,,19.0,6.0,Silverstone,2025,87.289,1.7909999999999968,0.0,17.91741935483871,988.7767741935481,True,1.4832258064516128,23.578709677419354,0
259,PIA,mclaren,2.0,110.22515,1.0,0.5,Belgium,2025,102.022,0.0,-1.0,17.030044843049332,965.047533632287,True,1.446188340807175,24.09013452914799,0
260,NOR,mclaren,1.0,110.319275,0.0,-0.5,Belgium,2025,102.526,0.5039999999999907,2.0,17.030044843049332,965.047533632287,True,1.446188340807175,24.09013452914799,0
261,LEC,ferrari,3.0,110.71430000000001,2.0,-7.5,Belgium,2025,102.928,0.9059999999999917,2.0,17.030044843049332,965.047533632287,True,1.446188340807175,24.09013452914799,0
262,VER,red_bull,4.0,110.74520000000001,3.0,-1.5,Belgium,2025,102.426,0.40399999999999636,-2.0,17.030044843049332,965.047533632287,True,1.446188340807175,24.09013452914799,0
263,RUS,mercedes,6.0,111.0463,5.0,-6.5,Belgium,2025,102.598,0.5759999999999934,-2.0,17.030044843049332,965.047533632287,True,1.446188340807175,24.09013452914799,0
264,ALB,williams,5.0,111.1872,4.0,-6.0,Belgium,2025,103.261,1.23899999999999,7.0,17.030044843049332,965.047533632287,True,1.446188340807175,24.09013452914799,0
265,HAM,ferrari,18.0,111.00665000000001,17.0,7.5,Belgium,2025,103.085,1.0629999999999882,-11.0,17.030044843049332,965.047533632287,True,1.446188340807175,24.09013452914799,0
266,LAW,rb,9.0,111.43552500000001,8.0,0.5,Belgium,2025,103.478,1.4559999999999889,6.0,17.030044843049332,965.047533632287,True,1.446188340807175,24.09013452914799,0
267,BOR,sauber,10.0,111.51977500000001,9.0,-2.0,Belgium,2025,103.262,1.2399999999999949,3.0,17.030044843049332,965.047533632287,True,1.446188340807175,24.09013452914799,0
268,GAS,alpine,13.0,111.8838,12.0,-1.0,Belgium,2025,103.929,1.9069999999999965,3.0,17.030044843049332,965.047533632287,True,1.446188340807175,24.09013452914799,0
269,BEA,haas,12.0,111.913925,11.0,0.5,Belgium,2025,105.077,3.0549999999999926,8.0,17.030044843049332,965.047533632287,True,1.446188340807175,24.09013452914799,0
270,HUL,sauber,14.0,111.89122499999999,13.0,2.0,Belgium,2025,103.47,1.4479999999999933,0.0,17.030044843049332,965.047533632287,True,1.446188340807175,24.09013452914799,0
271,TSU,red_bull,7.0,112.0446,6.0,1.5,Belgium,2025,104.492,2.469999999999999,11.0,17.030044843049332,965.047533632287,True,1.446188340807175,24.09013452914799,0
272,STR,aston_martin,16.0,112.00869999999999,15.0,-2.0,Belgium,2025,103.112,1.0899999999999892,-8.0,17.030044843049332,965.047533632287,True,1.446188340807175,24.09013452914799,0
273,OCO,haas,11.0,112.24660000000002,10.0,-0.5,Belgium,2025,104.303,2.2809999999999917,6.0,17.030044843049332,965.047533632287,True,1.446188340807175,24.09013452914799,0
274,ANT,mercedes,19.0,112.14002500000001,18.0,6.5,Belgium,2025,102.979,0.9569999999999936,-13.0,17.030044843049332,965.047533632287,True,1.446188340807175,24.09013452914799,0
275,ALO,aston_martin,20.0,112.14332499999999,19.0,2.0,Belgium,2025,103.12,1.097999999999999,-11.0,17.030044843049332,965.047533632287,True,1.446188340807175,24.09013452914799,0
276,SAI,williams,17.0,112.30132499999999,16.0,6.0,Belgium,2025,103.217,1.1949999999999932,-6.0,17.030044843049332,965.047533632287,True,1.446188340807175,24.09013452914799,0
277,COL,alpine,15.0,112.4193,14.0,1.0,Belgium,2025,104.847,2.8249999999999886,4.0,17.030044843049332,965.047533632287,True,1.446188340807175,24.09013452914799,0
278,HAD,rb,8.0,113.30156410256411,7.0,-0.5,Belgium,2025,103.122,1.0999999999999943,2.0,17.030044843049332,965.047533632287,True,1.446188340807175,24.09013452914799,0
279,NOR,mclaren,3.0,81.61030434782609,2.0,0.5,Hungary,2025,74.948,0.031999999999996476,-1.0,22.082165605095543,987.140127388535,False,2.150955414012739,32.72993630573249,0
280,PIA,mclaren,2.0,81.65085507246377,1.0,-0.5,Hungary,2025,74.916,0.0,-1.0,22.082165605095543,987.140127388535,False,2.150955414012739,32.72993630573249,0
281,RUS,mercedes,4.0,81.9513768115942,3.0,-5.5,Hungary,2025,75.84,0.9240000000000066,2.0,22.082165605095543,987.140127388535,False,2.150955414012739,32.72993630573249,0
282,LEC,ferrari,1.0,82.19415942028985,0.0,-5.5,Hungary,2025,76.023,1.1069999999999993,7.0,22.082165605095543,987.140127388535,False,2.150955414012739,32.72993630573249,0
283,ALO,aston_martin,5.0,82.4743768115942,4.0,-0.5,Hungary,2025,76.233,1.3170000000000073,6.0,22.082165605095543,987.140127388535,False,2.150955414012739,32.72993630573249,0
284,BOR,sauber,7.0,82.56036231884059,6.0,-5.5,Hungary,2025,75.978,1.0619999999999976,0.0,22.082165605095543,987.140127388535,False,2.150955414012739,32.72993630573249,0
285,STR,aston_martin,6.0,82.58113043478261,5.0,0.5,Hungary,2025,75.828,0.9120000000000061,-1.0,22.082165605095543,987.140127388535,False,2.150955414012739,32.72993630573249,0
286,LAW,rb,9.0,82.59111594202899,8.0,-0.5,Hungary,2025,76.371,1.4549999999999983,4.0,22.082165605095543,987.140127388535,False,2.150955414012739,32.72993630573249,0
287,VER,red_bull,8.0,82.63055072463769,7.0,-6.0,Hungary,2025,76.162,1.2460000000000093,2.0,22.082165605095543,987.140127388535,False,2.150955414012739,32.72993630573249,0
288,ANT,mercedes,15.0,82.8597794117647,14.0,5.5,Hungary,2025,75.745,0.8290000000000077,-11.0,22.082165605095543,987.140127388535,False,2.150955414012739,32.72993630573249,0
289,HAD,rb,10.0,82.88608823529412,9.0,0.5,Hungary,2025,76.427,1.51100000000001,4.0,22.082165605095543,987.140127388535,False,2.150955414012739,32.72993630573249,0
290,HAM,ferrari,12.0,82.88388235294117,11.0,5.5,Hungary,2025,75.684,0.7680000000000007,-9.0,22.082165605095543,987.140127388535,False,2.150955414012739,32.72993630573249,0
291,HUL,sauber,18.0,83.17933823529413,17.0,5.5,Hungary,2025,76.025,1.1090000000000089,-9.0,22.082165605095543,987.140127388535,False,2.150955414012739,32.72993630573249,0
292,SAI,williams,13.0,83.24416176470588,12.0,-3.0,Hungary,2025,76.68,1.76400000000001,7.0,22.082165605095543,987.140127388535,False,2.150955414012739,32.72993630573249,0
293,ALB,williams,19.0,83.2844411764706,18.0,3.0,Hungary,2025,76.53,1.6140000000000043,-3.0,22.082165605095543,987.140127388535,False,2.150955414012739,32.72993630573249,0
294,OCO,haas,17.0,83.39842647058823,16.0,3.0,Hungary,2025,76.531,1.615000000000009,0.0,22.082165605095543,987.140127388535,False,2.150955414012739,32.72993630573249,0
295,TSU,red_bull,20.0,83.3887794117647,19.0,6.0,Hungary,2025,76.485,1.5690000000000026,-5.0,22.082165605095543,987.140127388535,False,2.150955414012739,32.72993630573249,0
296,COL,alpine,14.0,83.40610294117647,13.0,-1.0,Hungary,2025,76.247,1.331000000000003,-2.0,22.082165605095543,987.140127388535,False,2.150955414012739,32.72993630573249,0
297,GAS,alpine,16.0,83.3877205882353,15.0,1.0,Hungary,2025,76.57,1.6539999999999964,3.0,22.082165605095543,987.140127388535,False,2.150955414012739,32.72993630573249,0
298,BEA,haas,11.0,83.97487234042552,10.0,-3.0,Hungary,2025,76.567,1.6509999999999962,7.0,22.082165605095543,987.140127388535,False,2.150955414012739,32.72993630573249,0
299,PIA,mclaren,1.0,82.12995774647888,0.0,-0.5,Netherlands,2025,69.214,0.24200000000000443,1.0,20.077358490566034,1006.2056603773585,False,2.170440251572327,27.96352201257861,0
300,VER,red_bull,3.0,82.13295774647887,2.0,-4.5,Netherlands,2025,69.925,0.953000000000003,2.0,20.077358490566034,1006.2056603773585,False,2.170440251572327,27.96352201257861,0
301,HAD,rb,4.0,82.13507042253521,3.0,-2.0,Netherlands,2025,70.166,1.1940000000000026,6.0,20.077358490566034,1006.2056603773585,False,2.170440251572327,27.96352201257861,0
302,RUS,mercedes,5.0,82.15659154929577,4.0,-3.0,Netherlands,2025,69.858,0.8860000000000099,-2.0,20.077358490566034,1006.2056603773585,False,2.170440251572327,27.96352201257861,0
303,ALB,williams,15.0,82.13588732394366,14.0,3.0,Netherlands,2025,70.099,1.1270000000000095,-7.0,20.077358490566034,1006.2056603773585,False,2.170440251572327,27.96352201257861,0
304,BEA,haas,20.0,82.07705633802817,19.0,1.0,Netherlands,2025,70.595,1.6230000000000047,-5.0,20.077358490566034,1006.2056603773585,False,2.170440251572327,27.96352201257861,0
305,STR,aston_martin,19.0,82.12776056338028,18.0,4.5,Netherlands,2025,70.103,1.1310000000000002,-10.0,20.077358490566034,1006.2056603773585,False,2.170440251572327,27.96352201257861,0
306,ALO,aston_martin,10.0,82.1919014084507,9.0,-4.5,Netherlands,2025,69.977,1.0050000000000097,-3.0,20.077358490566034,1006.2056603773585,False,2.170440251572327,27.96352201257861,0
307,TSU,red_bull,12.0,82.23342253521126,11.0,4.5,Netherlands,2025,70.349,1.3770000000000095,0.0,20.077358490566034,1006.2056603773585,False,2.170440251572327,27.96352201257861,0
308,OCO,haas,18.0,82.20722535211267,17.0,-1.0,Netherlands,2025,70.801,1.8290000000000077,0.0,20.077358490566034,1006.2056603773585,False,2.170440251572327,27.96352201257861,0
309,COL,alpine,16.0,82.21957746478873,15.0,1.0,Netherlands,2025,70.957,1.9849999999999994,3.0,20.077358490566034,1006.2056603773585,False,2.170440251572327,27.96352201257861,0
310,LAW,rb,8.0,82.30115492957748,7.0,2.0,Netherlands,2025,70.3,1.328000000000003,3.0,20.077358490566034,1006.2056603773585,False,2.170440251572327,27.96352201257861,0
311,SAI,williams,9.0,82.29732394366198,8.0,-3.0,Netherlands,2025,69.913,0.9410000000000025,-5.0,20.077358490566034,1006.2056603773585,False,2.170440251572327,27.96352201257861,0
312,HUL,sauber,17.0,82.28342253521127,16.0,2.0,Netherlands,2025,70.599,1.6270000000000095,-1.0,20.077358490566034,1006.2056603773585,False,2.170440251572327,27.96352201257861,0
313,BOR,sauber,13.0,82.30560563380283,12.0,-2.0,Netherlands,2025,70.361,1.38900000000001,0.0,20.077358490566034,1006.2056603773585,False,2.170440251572327,27.96352201257861,0
314,ANT,mercedes,11.0,82.13261971830985,10.0,3.0,Netherlands,2025,70.697,1.7250000000000085,6.0,20.077358490566034,1006.2056603773585,False,2.170440251572327,27.96352201257861,0
315,GAS,alpine,14.0,82.3534647887324,13.0,-1.0,Netherlands,2025,70.963,1.9909999999999997,6.0,20.077358490566034,1006.2056603773585,False,2.170440251572327,27.96352201257861,0
316,NOR,mclaren,2.0,80.75807936507937,1.0,0.5,Netherlands,2025,68.972,0.0,-1.0,20.077358490566034,1006.2056603773585,False,2.170440251572327,27.96352201257861,0
317,LEC,ferrari,6.0,78.73174509803921,5.0,-0.5,Netherlands,2025,69.938,0.9660000000000082,0.0,20.077358490566034,1006.2056603773585,False,2.170440251572327,27.96352201257861,0
318,HAM,ferrari,7.0,76.30671428571429,6.0,0.5,Netherlands,2025,70.373,1.4010000000000105,7.0,20.077358490566034,1006.2056603773585,False,2.170440251572327,27.96352201257861,0
319,VER,red_bull,1.0,83.02242307692309,0.0,-4.0,Monza,2025,79.498,0.1670000000000016,3.0,26.76111111111111,996.7527777777775,False,1.9604166666666663,43.28819444444444,1
320,NOR,mclaren,2.0,83.38657692307693,1.0,-0.5,Monza,2025,79.331,0.0,-1.0,26.76111111111111,996.7527777777775,False,1.9604166666666663,43.28819444444444,1
321,PIA,mclaren,3.0,83.417,2.0,0.5,Monza,2025,79.496,0.16499999999999204,0.0,26.76111111111111,996.7527777777775,False,1.9604166666666663,43.28819444444444,1
322,LEC,ferrari,4.0,83.49363461538462,3.0,-3.0,Monza,2025,79.352,0.021000000000000796,-2.0,26.76111111111111,996.7527777777775,False,1.9604166666666663,43.28819444444444,1
323,RUS,mercedes,5.0,83.62113461538462,4.0,-0.5,Monza,2025,79.515,0.1839999999999975,0.0,26.76111111111111,996.7527777777775,False,1.9604166666666663,43.28819444444444,1
324,HAM,ferrari,10.0,83.67853846153847,9.0,3.0,Monza,2025,79.598,0.2669999999999959,-3.0,26.76111111111111,996.7527777777775,False,1.9604166666666663,43.28819444444444,1
325,ALB,williams,14.0,83.88482692307693,13.0,0.5,Monza,2025,79.72,0.3889999999999958,-4.0,26.76111111111111,996.7527777777775,False,1.9604166666666663,43.28819444444444,1
326,BOR,sauber,7.0,84.08961538461539,6.0,-2.5,Monza,2025,79.558,0.22700000000000387,-1.0,26.76111111111111,996.7527777777775,False,1.9604166666666663,43.28819444444444,1
327,ANT,mercedes,6.0,83.98848076923076,5.0,0.5,Monza,2025,79.696,0.3649999999999949,3.0,26.76111111111111,996.7527777777775,False,1.9604166666666663,43.28819444444444,1
328,HAD,rb,19.0,84.10265384615384,18.0,0.5,Monza,2025,79.603,0.27199999999999136,-11.0,26.76111111111111,996.7527777777775,False,1.9604166666666663,43.28819444444444,1
329,SAI,williams,13.0,84.16096153846154,12.0,-0.5,Monza,2025,79.907,0.5759999999999934,0.0,26.76111111111111,996.7527777777775,False,1.9604166666666663,43.28819444444444,1
330,BEA,haas,11.0,84.2634423076923,10.0,-2.0,Monza,2025,80.209,0.8780000000000001,6.0,26.76111111111111,996.7527777777775,False,1.9604166666666663,43.28819444444444,1
331,TSU,red_bull,9.0,84.49515384615384,8.0,4.0,Monza,2025,80.059,0.7279999999999944,6.0,26.76111111111111,996.7527777777775,False,1.9604166666666663,43.28819444444444,1
332,LAW,rb,18.0,84.48311538461539,17.0,-0.5,Monza,2025,80.132,0.8010000000000019,-2.0,26.76111111111111,996.7527777777775,False,1.9604166666666663,43.28819444444444,1
333,OCO,haas,15.0,84.57403921568627,14.0,2.0,Monza,2025,80.304,0.972999999999999,5.0,26.76111111111111,996.7527777777775,False,1.9604166666666663,43.28819444444444,1
334,GAS,alpine,20.0,84.59776470588235,19.0,1.5,Monza,2025,80.247,0.9159999999999968,-1.5,26.76111111111111,996.7527777777775,False,1.9604166666666663,43.28819444444444,1
335,COL,alpine,17.0,84.65590196078432,16.0,-1.5,Monza,2025,80.034,0.703000000000003,-3.0,26.76111111111111,996.7527777777775,False,1.9604166666666663,43.28819444444444,1
336,STR,aston_martin,16.0,84.69980392156863,15.0,4.0,Monza,2025,80.247,0.9159999999999968,2.5,26.76111111111111,996.7527777777775,False,1.9604166666666663,43.28819444444444,1
337,ALO,aston_martin,8.0,86.60247826086957,7.0,-4.0,Monza,2025,79.861,0.5300000000000011,4.0,26.76111111111111,996.7527777777775,False,1.9604166666666663,43.28819444444444,1
338,HUL,sauber,12.0,,11.0,2.5,Monza,2025,79.737,0.4059999999999917,-1.0,26.76111111111111,996.7527777777775,False,1.9604166666666663,43.28819444444444,1
